Transaction ID,Date,Customer ID,Gender,Age,Product Category,Quantity,Price per Unit,Total Amount
1,2023-01-01,CUST001,Male,25,Electronics,1,100,100
2,2023-01-02,CUST002,Female,30,Clothing,2,200,400
3,2023-01-03,CUST003,Male,45,Beauty,3,300,900
4,2023-01-04,CUST004,Female,35,Home,4,400,1600
5,2023-01-05,CUST005,Male,50,Books,5,500,2500
6,2023-01-06,CUST006,Female,25,Electronics,1,100,100
7,2023-01-07,CUST007,Male,30,Clothing,2,200,400
8,2023-01-08,CUST008,Female,45,Beauty,3,300,900
9,2023-01-09,CUST009,Male,35,Home,4,400,1600
10,2023-01-10,CUST010,Female,50,Books,5,500,2500
11,2023-01-11,CUST011,Male,25,Electronics,1,100,100
12,2023-01-12,CUST012,Female,30,Clothing,2,200,400
13,2023-01-13,CUST013,Male,45,Beauty,3,300,900
14,2023-01-14,CUST014,Female,35,Home,4,400,1600
15,2023-01-15,CUST015,Male,50,Books,5,500,2500
16,2023-01-16,CUST016,Female,25,Electronics,1,100,100
17,2023-01-17,CUST017,Male,30,Clothing,2,200,400
18,2023-01-18,CUST018,Female,45,Beauty,3,300,900
19,2023-01-19,CUST019,Male,35,Home,4,400,1600
20,2023-01-20,CUST020,Female,50,Books,5,500,2500
21,2023-01-21,CUST021,Male,25,Electronics,1,100,100
22,2023-01-22,CUST022,Female,30,Clothing,2,200,400
23,2023-01-23,CUST023,Male,45,Beauty,3,300,900
24,2023-01-24,CUST024,Female,35,Home,4,400,1600
25,2023-01-25,CUST025,Male,50,Books,5,500,2500
26,2023-01-26,CUST026,Female,25,Electronics,1,100,100
27,2023-01-27,CUST027,Male,30,Clothing,2,200,400
28,2023-01-28,CUST028,Female,45,Beauty,3,300,900
29,2023-01-29,CUST029,Male,35,Home,4,400,1600
30,2023-01-30,CUST030,Female,50,Books,5,500,2500
31,2023-01-31,CUST031,Male,25,Electronics,1,100,100
32,2023-02-01,CUST032,Female,30,Clothing,2,200,400
33,2023-02-02,CUST033,Male,45,Beauty,3,300,900
34,2023-02-03,CUST034,Female,35,Home,4,400,1600
35,2023-02-04,CUST035,Male,50,Books,5,500,2500
36,2023-02-05,CUST036,Female,25,Electronics,1,100,100
37,2023-02-06,CUST037,Male,30,Clothing,2,200,400
38,2023-02-07,CUST038,Female,45,Beauty,3,300,900
39,2023-02-08,CUST039,Male,35,Home,4,400,1600
40,2023-02-09,CUST040,Female,50,Books,5,500,2500
41,2023-02-10,CUST041,Male,25,Electronics,1,100,100
42,2023-02-11,CUST042,Female,30,Clothing,2,200,400
43,2023-02-12,CUST043,Male,45,Beauty,3,300,900
44,2023-02-13,CUST044,Female,35,Home,4,400,1600
45,2023-02-14,CUST045,Male,50,Books,5,500,2500
46,2023-02-15,CUST046,Female,25,Electronics,1,100,100
47,2023-02-16,CUST047,Male,30,Clothing,2,200,400
48,2023-02-17,CUST048,Female,45,Beauty,3,300,900
49,2023-02-18,CUST049,Male,35,Home,4,400,1600
50,2023-02-19,CUST050,Female,50,Books,5,500,2500
51,2023-02-20,CUST051,Male,25,Electronics,1,100,100
52,2023-02-21,CUST052,Female,30,Clothing,2,200,400
53,2023-02-22,CUST053,Male,45,Beauty,3,300,900
54,2023-02-23,CUST054,Female,35,Home,4,400,1600
55,2023-02-24,CUST055,Male,50,Books,5,500,2500
56,2023-02-25,CUST056,Female,25,Electronics,1,100,100
57,2023-02-26,CUST057,Male,30,Clothing,2,200,400
58,2023-02-27,CUST058,Female,45,Beauty,3,300,900
59,2023-02-28,CUST059,Male,35,Home,4,400,1600
60,2023-03-01,CUST060,Female,50,Books,5,500,2500
61,2023-03-02,CUST061,Male,25,Electronics,1,100,100
62,2023-03-03,CUST062,Female,30,Clothing,2,200,400
63,2023-03-04,CUST063,Male,45,Beauty,3,300,900
64,2023-03-05,CUST064,Female,35,Home,4,400,1600
65,2023-03-06,CUST065,Male,50,Books,5,500,2500
66,2023-03-07,CUST066,Female,25,Electronics,1,100,100
67,2023-03-08,CUST067,Male,30,Clothing,2,200,400
68,2023-03-09,CUST068,Female,45,Beauty,3,300,900
69,2023-03-10,CUST069,Male,35,Home,4,400,1600
70,2023-03-11,CUST070,Female,50,Books,5,500,2500
71,2023-03-12,CUST071,Male,25,Electronics,1,100,100
72,2023-03-13,CUST072,Female,30,Clothing,2,200,400
73,2023-03-14,CUST073,Male,45,Beauty,3,300,900
74,2023-03-15,CUST074,Female,35,Home,4,400,1600
75,2023-03-16,CUST075,Male,50,Books,5,500,2500
76,2023-03-17,CUST076,Female,25,Electronics,1,100,100
77,2023-03-18,CUST077,Male,30,Clothing,2,200,400
78,2023-03-19,CUST078,Female,45,Beauty,3,300,900
79,2023-03-20,CUST079,Male,35,Home,4,400,1600
80,2023-03-21,CUST080,Female,50,Books,5,500,2500
81,2023-03-22,CUST081,Male,25,Electronics,1,100,100
82,2023-03-23,CUST082,Female,30,Clothing,2,200,400
83,2023-03-24,CUST083,Male,45,Beauty,3,300,900
84,2023-03-25,CUST084,Female,35,Home,4,400,1600
85,2023-03-26,CUST085,Male,50,Books,5,500,2500
86,2023-03-27,CUST086,Female,25,Electronics,1,100,100
87,2023-03-28,CUST087,Male,30,Clothing,2,200,400
88,2023-03-29,CUST088,Female,45,Beauty,3,300,900
89,2023-03-30,CUST089,Male,35,Home,4,400,1600
90,2023-03-31,CUST090,Female,50,Books,5,500,2500
91,2023-04-01,CUST091,Male,25,Electronics,1,100,100
92,2023-04-02,CUST092,Female,30,Clothing,2,200,400
93,2023-04-03,CUST093,Male,45,Beauty,3,300,900
94,2023-04-04,CUST094,Female,35,Home,4,400,1600
95,2023-04-05,CUST095,Male,50,Books,5,500,2500
96,2023-04-06,CUST096,Female,25,Electronics,1,100,100
97,2023-04-07,CUST097,Male,30,Clothing,2,200,400
98,2023-04-08,CUST098,Female,45,Beauty,3,300,900
99,2023-04-09,CUST099,Male,35,Home,4,400,1600
100,2023-04-10,CUST100,Female,50,Books,5,500,2500
101,2023-04-11,CUST101,Male,25,Electronics,1,100,100
102,2023-04-12,CUST102,Female,30,Clothing,2,200,400
103,2023-04-13,CUST103,Male,45,Beauty,3,300,900
104,2023-04-14,CUST104,Female,35,Home,4,400,1600
105,2023-04-15,CUST105,Male,50,Books,5,500,2500
106,2023-04-16,CUST106,Female,25,Electronics,1,100,100
107,2023-04-17,CUST107,Male,30,Clothing,2,200,400
108,2023-04-18,CUST108,Female,45,Beauty,3,300,900
109,2023-04-19,CUST109,Male,35,Home,4,400,1600
110,2023-04-20,CUST110,Female,50,Books,5,500,2500
111,2023-04-21,CUST111,Male,25,Electronics,1,100,100
112,2023-04-22,CUST112,Female,30,Clothing,2,200,400
113,2023-04-23,CUST113,Male,45,Beauty,3,300,900
114,2023-04-24,CUST114,Female,35,Home,4,400,1600
115,2023-04-25,CUST115,Male,50,Books,5,500,2500
116,2023-04-26,CUST116,Female,25,Electronics,1,100,100
117,2023-04-27,CUST117,Male,30,Clothing,2,200,400
118,2023-04-28,CUST118,Female,45,Beauty,3,300,900
119,2023-04-29,CUST119,Male,35,Home,4,400,1600
120,2023-04-30,CUST120,Female,50,Books,5,500,2500
121,2023-05-01,CUST121,Male,25,Electronics,1,100,100
122,2023-05-02,CUST122,Female,30,Clothing,2,200,400
123,2023-05-03,CUST123,Male,45,Beauty,3,300,900
124,2023-05-04,CUST124,Female,35,Home,4,400,1600
125,2023-05-05,CUST125,Male,50,Books,5,500,2500
126,2023-05-06,CUST126,Female,25,Electronics,1,100,100
127,2023-05-07,CUST127,Male,30,Clothing,2,200,400
128,2023-05-08,CUST128,Female,45,Beauty,3,300,900
129,2023-05-09,CUST129,Male,35,Home,4,400,1600
130,2023-05-10,CUST130,Female,50,Books,5,500,2500
131,2023-05-11,CUST131,Male,25,Electronics,1,100,100
132,2023-05-12,CUST132,Female,30,Clothing,2,200,400
133,2023-05-13,CUST133,Male,45,Beauty,3,300,900
134,2023-05-14,CUST134,Female,35,Home,4,400,1600
135,2023-05-15,CUST135,Male,50,Books,5,500,2500
136,2023-05-16,CUST136,Female,25,Electronics,1,100,100
137,2023-05-17,CUST137,Male,30,Clothing,2,200,400
138,2023-05-18,CUST138,Female,45,Beauty,3,300,900
139,2023-05-19,CUST139,Male,35,Home,4,400,1600
140,2023-05-20,CUST140,Female,50,Books,5,500,2500
141,2023-05-21,CUST141,Male,25,Electronics,1,100,100
142,2023-05-22,CUST142,Female,30,Clothing,2,200,400
143,2023-05-23,CUST143,Male,45,Beauty,3,300,900
144,2023-05-24,CUST144,Female,35,Home,4,400,1600
145,2023-05-25,CUST145,Male,50,Books,5,500,2500
146,2023-05-26,CUST146,Female,25,Electronics,1,100,100
147,2023-05-27,CUST147,Male,30,Clothing,2,200,400
148,2023-05-28,CUST148,Female,45,Beauty,3,300,900
149,2023-05-29,CUST149,Male,35,Home,4,400,1600
150,2023-05-30,CUST150,Female,50,Books,5,500,2500
151,2023-05-31,CUST151,Male,25,Electronics,1,100,100
152,2023-06-01,CUST152,Female,30,Clothing,2,200,400
153,2023-06-02,CUST153,Male,45,Beauty,3,300,900
154,2023-06-03,CUST154,Female,35,Home,4,400,1600
155,2023-06-04,CUST155,Male,50,Books,5,500,2500
156,2023-06-05,CUST156,Female,25,Electronics,1,100,100
157,2023-06-06,CUST157,Male,30,Clothing,2,200,400
158,2023-06-07,CUST158,Female,45,Beauty,3,300,900
159,2023-06-08,CUST159,Male,35,Home,4,400,1600
160,2023-06-09,CUST160,Female,50,Books,5,500,2500
161,2023-06-10,CUST161,Male,25,Electronics,1,100,100
162,2023-06-11,CUST162,Female,30,Clothing,2,200,400
163,2023-06-12,CUST163,Male,45,Beauty,3,300,900
164,2023-06-13,CUST164,Female,35,Home,4,400,1600
165,2023-06-14,CUST165,Male,50,Books,5,500,2500
166,2023-06-15,CUST166,Female,25,Electronics,1,100,100
167,2023-06-16,CUST167,Male,30,Clothing,2,200,400
168,2023-06-17,CUST168,Female,45,Beauty,3,300,900
169,2023-06-18,CUST169,Male,35,Home,4,400,1600
170,2023-06-19,CUST170,Female,50,Books,5,500,2500
171,2023-06-20,CUST171,Male,25,Electronics,1,100,100
172,2023-06-21,CUST172,Female,30,Clothing,2,200,400
173,2023-06-22,CUST173,Male,45,Beauty,3,300,900
174,2023-06-23,CUST174,Female,35,Home,4,400,1600
175,2023-06-24,CUST175,Male,50,Books,5,500,2500
176,2023-06-25,CUST176,Female,25,Electronics,1,100,100
177,2023-06-26,CUST177,Male,30,Clothing,2,200,400
178,2023-06-27,CUST178,Female,45,Beauty,3,300,900
179,2023-06-28,CUST179,Male,35,Home,4,400,1600
180,2023-06-29,CUST180,Female,50,Books,5,500,2500
181,2023-06-30,CUST181,Male,25,Electronics,1,100,100
182,2023-07-01,CUST182,Female,30,Clothing,2,200,400
183,2023-07-02,CUST183,Male,45,Beauty,3,300,900
184,2023-07-03,CUST184,Female,35,Home,4,400,1600
185,2023-07-04,CUST185,Male,50,Books,5,500,2500
186,2023-07-05,CUST186,Female,25,Electronics,1,100,100
187,2023-07-06,CUST187,Male,30,Clothing,2,200,400
188,2023-07-07,CUST188,Female,45,Beauty,3,300,900
189,2023-07-08,CUST189,Male,35,Home,4,400,1600
190,2023-07-09,CUST190,Female,50,Books,5,500,2500
191,2023-07-10,CUST191,Male,25,Electronics,1,100,100
192,2023-07-11,CUST192,Female,30,Clothing,2,200,400
193,2023-07-12,CUST193,Male,45,Beauty,3,300,900
194,2023-07-13,CUST194,Female,35,Home,4,400,1600
195,2023-07-14,CUST195,Male,50,Books,5,500,2500
196,2023-07-15,CUST196,Female,25,Electronics,1,100,100
197,2023-07-16,CUST197,Male,30,Clothing,2,200,400
198,2023-07-17,CUST198,Female,45,Beauty,3,300,900
199,2023-07-18,CUST199,Male,35,Home,4,400,1600
200,2023-07-19,CUST200,Female,50,Books,5,500,2500
201,2023-07-20,CUST201,Male,25,Electronics,1,100,100
202,2023-07-21,CUST202,Female,30,Clothing,2,200,400
203,2023-07-22,CUST203,Male,45,Beauty,3,300,900
204,2023-07-23,CUST204,Female,35,Home,4,400,1600
205,2023-07-24,CUST205,Male,50,Books,5,500,2500
206,2023-07-25,CUST206,Female,25,Electronics,1,100,100
207,2023-07-26,CUST207,Male,30,Clothing,2,200,400
208,2023-07-27,CUST208,Female,45,Beauty,3,300,900
209,2023-07-28,CUST209,Male,35,Home,4,400,1600
210,2023-07-29,CUST210,Female,50,Books,5,500,2500
211,2023-07-30,CUST211,Male,25,Electronics,1,100,100
212,2023-07-31,CUST212,Female,30,Clothing,2,200,400
213,2023-08-01,CUST213,Male,45,Beauty,3,300,900
214,2023-08-02,CUST214,Female,35,Home,4,400,1600
215,2023-08-03,CUST215,Male,50,Books,5,500,2500
216,2023-08-04,CUST216,Female,25,Electronics,1,100,100
217,2023-08-05,CUST217,Male,30,Clothing,2,200,400
218,2023-08-06,CUST218,Female,45,Beauty,3,300,900
219,2023-08-07,CUST219,Male,35,Home,4,400,1600
220,2023-08-08,CUST220,Female,50,Books,5,500,2500
221,2023-08-09,CUST221,Male,25,Electronics,1,100,100
222,2023-08-10,CUST222,Female,30,Clothing,2,200,400
223,2023-08-11,CUST223,Male,45,Beauty,3,300,900
224,2023-08-12,CUST224,Female,35,Home,4,400,1600
225,2023-08-13,CUST225,Male,50,Books,5,500,2500
226,2023-08-14,CUST226,Female,25,Electronics,1,100,100
227,2023-08-15,CUST227,Male,30,Clothing,2,200,400
228,2023-08-16,CUST228,Female,45,Beauty,3,300,900
229,2023-08-17,CUST229,Male,35,Home,4,400,1600
230,2023-08-18,CUST230,Female,50,Books,5,500,2500
231,2023-08-19,CUST231,Male,25,Electronics,1,100,100
232,2023-08-20,CUST232,Female,30,Clothing,2,200,400
233,2023-08-21,CUST233,Male,45,Beauty,3,300,900
234,2023-08-22,CUST234,Female,35,Home,4,400,1600
235,2023-08-23,CUST235,Male,50,Books,5,500,2500
236,2023-08-24,CUST236,Female,25,Electronics,1,100,100
237,2023-08-25,CUST237,Male,30,Clothing,2,200,400
238,2023-08-26,CUST238,Female,45,Beauty,3,300,900
239,2023-08-27,CUST239,Male,35,Home,4,400,1600
240,2023-08-28,CUST240,Female,50,Books,5,500,2500
241,2023-08-29,CUST241,Male,25,Electronics,1,100,100
242,2023-08-30,CUST242,Female,30,Clothing,2,200,400
243,2023-08-31,CUST243,Male,45,Beauty,3,300,900
244,2023-09-01,CUST244,Female,35,Home,4,400,1600
245,2023-09-02,CUST245,Male,50,Books,5,500,2500
246,2023-09-03,CUST246,Female,25,Electronics,1,100,100
247,2023-09-04,CUST247,Male,30,Clothing,2,200,400
248,2023-09-05,CUST248,Female,45,Beauty,3,300,900
249,2023-09-06,CUST249,Male,35,Home,4,400,1600
250,2023-09-07,CUST250,Female,50,Books,5,500,2500
251,2023-09-08,CUST251,Male,25,Electronics,1,100,100
252,2023-09-09,CUST252,Female,30,Clothing,2,200,400
253,2023-09-10,CUST253,Male,45,Beauty,3,300,900
254,2023-09-11,CUST254,Female,35,Home,4,400,1600
255,2023-09-12,CUST255,Male,50,Books,5,500,2500
256,2023-09-13,CUST256,Female,25,Electronics,1,100,100
257,2023-09-14,CUST257,Male,30,Clothing,2,200,400
258,2023-09-15,CUST258,Female,45,Beauty,3,300,900
259,2023-09-16,CUST259,Male,35,Home,4,400,1600
260,2023-09-17,CUST260,Female,50,Books,5,500,2500
261,2023-09-18,CUST261,Male,25,Electronics,1,100,100
262,2023-09-19,CUST262,Female,30,Clothing,2,200,400
263,2023-09-20,CUST263,Male,45,Beauty,3,300,900
264,2023-09-21,CUST264,Female,35,Home,4,400,1600
265,2023-09-22,CUST265,Male,50,Books,5,500,2500
266,2023-09-23,CUST266,Female,25,Electronics,1,100,100
267,2023-09-24,CUST267,Male,30,Clothing,2,200,400
268,2023-09-25,CUST268,Female,45,Beauty,3,300,900
269,2023-09-26,CUST269,Male,35,Home,4,400,1600
270,2023-09-27,CUST270,Female,50,Books,5,500,2500
271,2023-09-28,CUST271,Male,25,Electronics,1,100,100
272,2023-09-29,CUST272,Female,30,Clothing,2,200,400
273,2023-09-30,CUST273,Male,45,Beauty,3,300,900
274,2023-10-01,CUST274,Female,35,Home,4,400,1600
275,2023-10-02,CUST275,Male,50,Books,5,500,2500
276,2023-10-03,CUST276,Female,25,Electronics,1,100,100
277,2023-10-04,CUST277,Male,30,Clothing,2,200,400
278,2023-10-05,CUST278,Female,45,Beauty,3,300,900
279,2023-10-06,CUST279,Male,35,Home,4,400,1600
280,2023-10-07,CUST280,Female,50,Books,5,500,2500
281,2023-10-08,CUST281,Male,25,Electronics,1,100,100
282,2023-10-09,CUST282,Female,30,Clothing,2,200,400
283,2023-10-10,CUST283,Male,45,Beauty,3,300,900
284,2023-10-11,CUST284,Female,35,Home,4,400,1600
285,2023-10-12,CUST285,Male,50,Books,5,500,2500
286,2023-10-13,CUST286,Female,25,Electronics,1,100,100
287,2023-10-14,CUST287,Male,30,Clothing,2,200,400
288,2023-10-15,CUST288,Female,45,Beauty,3,300,900
289,2023-10-16,CUST289,Male,35,Home,4,400,1600
290,2023-10-17,CUST290,Female,50,Books,5,500,2500
291,2023-10-18,CUST291,Male,25,Electronics,1,100,100
292,2023-10-19,CUST292,Female,30,Clothing,2,200,400
293,2023-10-20,CUST293,Male,45,Beauty,3,300,900
294,2023-10-21,CUST294,Female,35,Home,4,400,1600
295,2023-10-22,CUST295,Male,50,Books,5,500,2500
296,2023-10-23,CUST296,Female,25,Electronics,1,100,100
297,2023-10-24,CUST297,Male,30,Clothing,2,200,400
298,2023-10-25,CUST298,Female,45,Beauty,3,300,900
299,2023-10-26,CUST299,Male,35,Home,4,400,1600
300,2023-10-27,CUST300,Female,50,Books,5,500,2500
301,2023-10-28,CUST301,Male,25,Electronics,1,100,100
302,2023-10-29,CUST302,Female,30,Clothing,2,200,400
303,2023-10-30,CUST303,Male,45,Beauty,3,300,900
304,2023-10-31,CUST304,Female,35,Home,4,400,1600
305,2023-11-01,CUST305,Male,50,Books,5,500,2500
306,2023-11-02,CUST306,Female,25,Electronics,1,100,100
307,2023-11-03,CUST307,Male,30,Clothing,2,200,400
308,2023-11-04,CUST308,Female,45,Beauty,3,300,900
309,2023-11-05,CUST309,Male,35,Home,4,400,1600
310,2023-11-06,CUST310,Female,50,Books,5,500,2500
311,2023-11-07,CUST311,Male,25,Electronics,1,100,100
312,2023-11-08,CUST312,Female,30,Clothing,2,200,400
313,2023-11-09,CUST313,Male,45,Beauty,3,300,900
314,2023-11-10,CUST314,Female,35,Home,4,400,1600
315,2023-11-11,CUST315,Male,50,Books,5,500,2500
316,2023-11-12,CUST316,Female,25,Electronics,1,100,100
317,2023-11-13,CUST317,Male,30,Clothing,2,200,400
318,2023-11-14,CUST318,Female,45,Beauty,3,300,900
319,2023-11-15,CUST319,Male,35,Home,4,400,1600
320,2023-11-16,CUST320,Female,50,Books,5,500,2500
321,2023-11-17,CUST321,Male,25,Electronics,1,100,100
322,2023-11-18,CUST322,Female,30,Clothing,2,200,400
323,2023-11-19,CUST323,Male,45,Beauty,3,300,900
324,2023-11-20,CUST324,Female,35,Home,4,400,1600
325,2023-11-21,CUST325,Male,50,Books,5,500,2500
326,2023-11-22,CUST326,Female,25,Electronics,1,100,100
327,2023-11-23,CUST327,Male,30,Clothing,2,200,400
328,2023-11-24,CUST328,Female,45,Beauty,3,300,900
329,2023-11-25,CUST329,Male,35,Home,4,400,1600
330,2023-11-26,CUST330,Female,50,Books,5,500,2500
331,2023-11-27,CUST331,Male,25,Electronics,1,100,100
332,2023-11-28,CUST332,Female,30,Clothing,2,200,400
333,2023-11-29,CUST333,Male,45,Beauty,3,300,900
334,2023-11-30,CUST334,Female,35,Home,4,400,1600
335,2023-12-01,CUST335,Male,50,Books,5,500,2500
336,2023-12-02,CUST336,Female,25,Electronics,1,100,100
337,2023-12-03,CUST337,Male,30,Clothing,2,200,400
338,2023-12-04,CUST338,Female,45,Beauty,3,300,900
339,2023-12-05,CUST339,Male,35,Home,4,400,1600
340,2023-12-06,CUST340,Female,50,Books,5,500,2500
341,2023-12-07,CUST341,Male,25,Electronics,1,100,100
342,2023-12-08,CUST342,Female,30,Clothing,2,200,400
343,2023-12-09,CUST343,Male,45,Beauty,3,300,900
344,2023-12-10,CUST344,Female,35,Home,4,400,1600
345,2023-12-11,CUST345,Male,50,Books,5,500,2500
346,2023-12-12,CUST346,Female,25,Electronics,1,100,100
347,2023-12-13,CUST347,Male,30,Clothing,2,200,400
348,2023-12-14,CUST348,Female,45,Beauty,3,300,900
349,2023-12-15,CUST349,Male,35,Home,4,400,1600
350,2023-12-16,CUST350,Female,50,Books,5,500,2500
351,2023-12-17,CUST351,Male,25,Electronics,1,100,100
352,2023-12-18,CUST352,Female,30,Clothing,2,200,400
353,2023-12-19,CUST353,Male,45,Beauty,3,300,900
354,2023-12-20,CUST354,Female,35,Home,4,400,1600
355,2023-12-21,CUST355,Male,50,Books,5,500,2500
356,2023-12-22,CUST356,Female,25,Electronics,1,100,100
357,2023-12-23,CUST357,Male,30,Clothing,2,200,400
358,2023-12-24,CUST358,Female,45,Beauty,3,300,900
359,2023-12-25,CUST359,Male,35,Home,4,400,1600
360,2023-12-26,CUST360,Female,50,Books,5,500,2500
361,2023-12-27,CUST361,Male,25,Electronics,1,100,100
362,2023-12-28,CUST362,Female,30,Clothing,2,200,400
363,2023-12-29,CUST363,Male,45,Beauty,3,300,900
364,2023-12-30,CUST364,Female,35,Home,4,400,1600
365,2023-12-31,CUST365,Male,50,Books,5,500,2500
366,2024-01-01,CUST366,Female,25,Electronics,1,100,100
367,2024-01-02,CUST367,Male,30,Clothing,2,200,400
368,2024-01-03,CUST368,Female,45,Beauty,3,300,900
369,2024-01-04,CUST369,Male,35,Home,4,400,1600
370,2024-01-05,CUST370,Female,50,Books,5,500,2500
371,2024-01-06,CUST371,Male,25,Electronics,1,100,100
372,2024-01-07,CUST372,Female,30,Clothing,2,200,400
373,2024-01-08,CUST373,Male,45,Beauty,3,300,900
374,2024-01-09,CUST374,Female,35,Home,4,400,1600
375,2024-01-10,CUST375,Male,50,Books,5,500,2500
376,2024-01-11,CUST376,Female,25,Electronics,1,100,100
377,2024-01-12,CUST377,Male,30,Clothing,2,200,400
378,2024-01-13,CUST378,Female,45,Beauty,3,300,900
379,2024-01-14,CUST379,Male,35,Home,4,400,1600
380,2024-01-15,CUST380,Female,50,Books,5,500,2500
381,2024-01-16,CUST381,Male,25,Electronics,1,100,100
382,2024-01-17,CUST382,Female,30,Clothing,2,200,400
383,2024-01-18,CUST383,Male,45,Beauty,3,300,900
384,2024-01-19,CUST384,Female,35,Home,4,400,1600
385,2024-01-20,CUST385,Male,50,Books,5,500,2500
386,2024-01-21,CUST386,Female,25,Electronics,1,100,100
387,2024-01-22,CUST387,Male,30,Clothing,2,200,400
388,2024-01-23,CUST388,Female,45,Beauty,3,300,900
389,2024-01-24,CUST389,Male,35,Home,4,400,1600
390,2024-01-25,CUST390,Female,50,Books,5,500,2500
391,2024-01-26,CUST391,Male,25,Electronics,1,100,100
392,2024-01-27,CUST392,Female,30,Clothing,2,200,400
393,2024-01-28,CUST393,Male,45,Beauty,3,300,900
394,2024-01-29,CUST394,Female,35,Home,4,400,1600
395,2024-01-30,CUST395,Male,50,Books,5,500,2500
396,2024-01-31,CUST396,Female,25,Electronics,1,100,100
397,2024-02-01,CUST397,Male,30,Clothing,2,200,400
398,2024-02-02,CUST398,Female,45,Beauty,3,300,900
399,2024-02-03,CUST399,Male,35,Home,4,400,1600
400,2024-02-04,CUST400,Female,50,Books,5,500,2500
401,2024-02-05,CUST401,Male,25,Electronics,1,100,100
402,2024-02-06,CUST402,Female,30,Clothing,2,200,400
403,2024-02-07,CUST403,Male,45,Beauty,3,300,900
404,2024-02-08,CUST404,Female,35,Home,4,400,1600
405,2024-02-09,CUST405,Male,50,Books,5,500,2500
406,2024-02-10,CUST406,Female,25,Electronics,1,100,100
407,2024-02-11,CUST407,Male,30,Clothing,2,200,400
408,2024-02-12,CUST408,Female,45,Beauty,3,300,900
409,2024-02-13,CUST409,Male,35,Home,4,400,1600
410,2024-02-14,CUST410,Female,50,Books,5,500,2500
411,2024-02-15,CUST411,Male,25,Electronics,1,100,100
412,2024-02-16,CUST412,Female,30,Clothing,2,200,400
413,2024-02-17,CUST413,Male,45,Beauty,3,300,900
414,2024-02-18,CUST414,Female,35,Home,4,400,1600
415,2024-02-19,CUST415,Male,50,Books,5,500,2500
416,2024-02-20,CUST416,Female,25,Electronics,1,100,100
417,2024-02-21,CUST417,Male,30,Clothing,2,200,400
418,2024-02-22,CUST418,Female,45,Beauty,3,300,900
419,2024-02-23,CUST419,Male,35,Home,4,400,1600
420,2024-02-24,CUST420,Female,50,Books,5,500,2500
421,2024-02-25,CUST421,Male,25,Electronics,1,100,100
422,2024-02-26,CUST422,Female,30,Clothing,2,200,400
423,2024-02-27,CUST423,Male,45,Beauty,3,300,900
424,2024-02-28,CUST424,Female,35,Home,4,400,1600
425,2024-02-29,CUST425,Male,50,Books,5,500,2500
426,2024-03-01,CUST426,Female,25,Electronics,1,100,100
427,2024-03-02,CUST427,Male,30,Clothing,2,200,400
428,2024-03-03,CUST428,Female,45,Beauty,3,300,900
429,2024-03-04,CUST429,Male,35,Home,4,400,1600
430,2024-03-05,CUST430,Female,50,Books,5,500,2500
431,2024-03-06,CUST431,Male,25,Electronics,1,100,100
432,2024-03-07,CUST432,Female,30,Clothing,2,200,400
433,2024-03-08,CUST433,Male,45,Beauty,3,300,900
434,2024-03-09,CUST434,Female,35,Home,4,400,1600
435,2024-03-10,CUST435,Male,50,Books,5,500,2500
436,2024-03-11,CUST436,Female,25,Electronics,1,100,100
437,2024-03-12,CUST437,Male,30,Clothing,2,200,400
438,2024-03-13,CUST438,Female,45,Beauty,3,300,900
439,2024-03-14,CUST439,Male,35,Home,4,400,1600
440,2024-03-15,CUST440,Female,50,Books,5,500,2500
441,2024-03-16,CUST441,Male,25,Electronics,1,100,100
442,2024-03-17,CUST442,Female,30,Clothing,2,200,400
443,2024-03-18,CUST443,Male,45,Beauty,3,300,900
444,2024-03-19,CUST444,Female,35,Home,4,400,1600
445,2024-03-20,CUST445,Male,50,Books,5,500,2500
446,2024-03-21,CUST446,Female,25,Electronics,1,100,100
447,2024-03-22,CUST447,Male,30,Clothing,2,200,400
448,2024-03-23,CUST448,Female,45,Beauty,3,300,900
449,2024-03-24,CUST449,Male,35,Home,4,400,1600
450,2024-03-25,CUST450,Female,50,Books,5,500,2500
451,2024-03-26,CUST451,Male,25,Electronics,1,100,100
452,2024-03-27,CUST452,Female,30,Clothing,2,200,400
453,2024-03-28,CUST453,Male,45,Beauty,3,300,900
454,2024-03-29,CUST454,Female,35,Home,4,400,1600
455,2024-03-30,CUST455,Male,50,Books,5,500,2500
456,2024-03-31,CUST456,Female,25,Electronics,1,100,100
457,2024-04-01,CUST457,Male,30,Clothing,2,200,400
458,2024-04-02,CUST458,Female,45,Beauty,3,300,900
459,2024-04-03,CUST459,Male,35,Home,4,400,1600
460,2024-04-04,CUST460,Female,50,Books,5,500,2500
461,2024-04-05,CUST461,Male,25,Electronics,1,100,100
462,2024-04-06,CUST462,Female,30,Clothing,2,200,400
463,2024-04-07,CUST463,Male,45,Beauty,3,300,900
464,2024-04-08,CUST464,Female,35,Home,4,400,1600
465,2024-04-09,CUST465,Male,50,Books,5,500,2500
466,2024-04-10,CUST466,Female,25,Electronics,1,100,100
467,2024-04-11,CUST467,Male,30,Clothing,2,200,400
468,2024-04-12,CUST468,Female,45,Beauty,3,300,900
469,2024-04-13,CUST469,Male,35,Home,4,400,1600
470,2024-04-14,CUST470,Female,50,Books,5,500,2500
471,2024-04-15,CUST471,Male,25,Electronics,1,100,100
472,2024-04-16,CUST472,Female,30,Clothing,2,200,400
473,2024-04-17,CUST473,Male,45,Beauty,3,300,900
474,2024-04-18,CUST474,Female,35,Home,4,400,1600
475,2024-04-19,CUST475,Male,50,Books,5,500,2500
476,2024-04-20,CUST476,Female,25,Electronics,1,100,100
477,2024-04-21,CUST477,Male,30,Clothing,2,200,400
478,2024-04-22,CUST478,Female,45,Beauty,3,300,900
479,2024-04-23,CUST479,Male,35,Home,4,400,1600
480,2024-04-24,CUST480,Female,50,Books,5,500,2500
481,2024-04-25,CUST481,Male,25,Electronics,1,100,100
482,2024-04-26,CUST482,Female,30,Clothing,2,200,400
483,2024-04-27,CUST483,Male,45,Beauty,3,300,900
484,2024-04-28,CUST484,Female,35,Home,4,400,1600
485,2024-04-29,CUST485,Male,50,Books,5,500,2500
486,2024-04-30,CUST486,Female,25,Electronics,1,100,100
487,2024-05-01,CUST487,Male,30,Clothing,2,200,400
488,2024-05-02,CUST488,Female,45,Beauty,3,300,900
489,2024-05-03,CUST489,Male,35,Home,4,400,1600
490,2024-05-04,CUST490,Female,50,Books,5,500,2500
491,2024-05-05,CUST491,Male,25,Electronics,1,100,100
492,2024-05-06,CUST492,Female,30,Clothing,2,200,400
493,2024-05-07,CUST493,Male,45,Beauty,3,300,900
494,2024-05-08,CUST494,Female,35,Home,4,400,1600
495,2024-05-09,CUST495,Male,50,Books,5,500,2500
496,2024-05-10,CUST496,Female,25,Electronics,1,100,100
497,2024-05-11,CUST497,Male,30,Clothing,2,200,400
498,2024-05-12,CUST498,Female,45,Beauty,3,300,900
499,2024-05-13,CUST499,Male,35,Home,4,400,1600
500,2024-05-14,CUST500,Female,50,Books,5,500,2500
501,2024-05-15,CUST501,Male,25,Electronics,1,100,100
502,2024-05-16,CUST502,Female,30,Clothing,2,200,400
503,2024-05-17,CUST503,Male,45,Beauty,3,300,900
504,2024-05-18,CUST504,Female,35,Home,4,400,1600
505,2024-05-19,CUST505,Male,50,Books,5,500,2500
506,2024-05-20,CUST506,Female,25,Electronics,1,100,100
507,2024-05-21,CUST507,Male,30,Clothing,2,200,400
508,2024-05-22,CUST508,Female,45,Beauty,3,300,900
509,2024-05-23,CUST509,Male,35,Home,4,400,1600
510,2024-05-24,CUST510,Female,50,Books,5,500,2500
511,2024-05-25,CUST511,Male,25,Electronics,1,100,100
512,2024-05-26,CUST512,Female,30,Clothing,2,200,400
513,2024-05-27,CUST513,Male,45,Beauty,3,300,900
514,2024-05-28,CUST514,Female,35,Home,4,400,1600
515,2024-05-29,CUST515,Male,50,Books,5,500,2500
516,2024-05-30,CUST516,Female,25,Electronics,1,100,100
517,2024-05-31,CUST517,Male,30,Clothing,2,200,400
518,2024-06-01,CUST518,Female,45,Beauty,3,300,900
519,2024-06-02,CUST519,Male,35,Home,4,400,1600
520,2024-06-03,CUST520,Female,50,Books,5,500,2500
521,2024-06-04,CUST521,Male,25,Electronics,1,100,100
522,2024-06-05,CUST522,Female,30,Clothing,2,200,400
523,2024-06-06,CUST523,Male,45,Beauty,3,300,900
524,2024-06-07,CUST524,Female,35,Home,4,400,1600
525,2024-06-08,CUST525,Male,50,Books,5,500,2500
526,2024-06-09,CUST526,Female,25,Electronics,1,100,100
527,2024-06-10,CUST527,Male,30,Clothing,2,200,400
528,2024-06-11,CUST528,Female,45,Beauty,3,300,900
529,2024-06-12,CUST529,Male,35,Home,4,400,1600
530,2024-06-13,CUST530,Female,50,Books,5,500,2500
531,2024-06-14,CUST531,Male,25,Electronics,1,100,100
532,2024-06-15,CUST532,Female,30,Clothing,2,200,400
533,2024-06-16,CUST533,Male,45,Beauty,3,300,900
534,2024-06-17,CUST534,Female,35,Home,4,400,1600
535,2024-06-18,CUST535,Male,50,Books,5,500,2500
536,2024-06-19,CUST536,Female,25,Electronics,1,100,100
537,2024-06-20,CUST537,Male,30,Clothing,2,200,400
538,2024-06-21,CUST538,Female,45,Beauty,3,300,900
539,2024-06-22,CUST539,Male,35,Home,4,400,1600
540,2024-06-23,CUST540,Female,50,Books,5,500,2500
541,2024-06-24,CUST541,Male,25,Electronics,1,100,100
542,2024-06-25,CUST542,Female,30,Clothing,2,200,400
543,2024-06-26,CUST543,Male,45,Beauty,3,300,900
544,2024-06-27,CUST544,Female,35,Home,4,400,1600
545,2024-06-28,CUST545,Male,50,Books,5,500,2500
546,2024-06-29,CUST546,Female,25,Electronics,1,100,100
547,2024-06-30,CUST547,Male,30,Clothing,2,200,400
548,2024-07-01,CUST548,Female,45,Beauty,3,300,900
549,2024-07-02,CUST549,Male,35,Home,4,400,1600
550,2024-07-03,CUST550,Female,50,Books,5,500,2500
551,2024-07-04,CUST551,Male,25,Electronics,1,100,100
552,2024-07-05,CUST552,Female,30,Clothing,2,200,400
553,2024-07-06,CUST553,Male,45,Beauty,3,300,900
554,2024-07-07,CUST554,Female,35,Home,4,400,1600
555,2024-07-08,CUST555,Male,50,Books,5,500,2500
556,2024-07-09,CUST556,Female,25,Electronics,1,100,100
557,2024-07-10,CUST557,Male,30,Clothing,2,200,400
558,2024-07-11,CUST558,Female,45,Beauty,3,300,900
559,2024-07-12,CUST559,Male,35,Home,4,400,1600
560,2024-07-13,CUST560,Female,50,Books,5,500,2500
561,2024-07-14,CUST561,Male,25,Electronics,1,100,100
562,2024-07-15,CUST562,Female,30,Clothing,2,200,400
563,2024-07-16,CUST563,Male,45,Beauty,3,300,900
564,2024-07-17,CUST564,Female,35,Home,4,400,1600
565,2024-07-18,CUST565,Male,50,Books,5,500,2500
566,2024-07-19,CUST566,Female,25,Electronics,1,100,100
567,2024-07-20,CUST567,Male,30,Clothing,2,200,400
568,2024-07-21,CUST568,Female,45,Beauty,3,300,900
569,2024-07-22,CUST569,Male,35,Home,4,400,1600
570,2024-07-23,CUST570,Female,50,Books,5,500,2500
571,2024-07-24,CUST571,Male,25,Electronics,1,100,100
572,2024-07-25,CUST572,Female,30,Clothing,2,200,400
573,2024-07-26,CUST573,Male,45,Beauty,3,300,900
574,2024-07-27,CUST574,Female,35,Home,4,400,1600
575,2024-07-28,CUST575,Male,50,Books,5,500,2500
576,2024-07-29,CUST576,Female,25,Electronics,1,100,100
577,2024-07-30,CUST577,Male,30,Clothing,2,200,400
578,2024-07-31,CUST578,Female,45,Beauty,3,300,900
579,2024-08-01,CUST579,Male,35,Home,4,400,1600
580,2024-08-02,CUST580,Female,50,Books,5,500,2500
581,2024-08-03,CUST581,Male,25,Electronics,1,100,100
582,2024-08-04,CUST582,Female,30,Clothing,2,200,400
583,2024-08-05,CUST583,Male,45,Beauty,3,300,900
584,2024-08-06,CUST584,Female,35,Home,4,400,1600
585,2024-08-07,CUST585,Male,50,Books,5,500,2500
586,2024-08-08,CUST586,Female,25,Electronics,1,100,100
587,2024-08-09,CUST587,Male,30,Clothing,2,200,400
588,2024-08-10,CUST588,Female,45,Beauty,3,300,900
589,2024-08-11,CUST589,Male,35,Home,4,400,1600
590,2024-08-12,CUST590,Female,50,Books,5,500,2500
591,2024-08-13,CUST591,Male,25,Electronics,1,100,100
592,2024-08-14,CUST592,Female,30,Clothing,2,200,400
593,2024-08-15,CUST593,Male,45,Beauty,3,300,900
594,2024-08-16,CUST594,Female,35,Home,4,400,1600
595,2024-08-17,CUST595,Male,50,Books,5,500,2500
596,2024-08-18,CUST596,Female,25,Electronics,1,100,100
597,2024-08-19,CUST597,Male,30,Clothing,2,200,400
598,2024-08-20,CUST598,Female,45,Beauty,3,300,900
599,2024-08-21,CUST599,Male,35,Home,4,400,1600
600,2024-08-22,CUST600,Female,50,Books,5,500,2500
601,2024-08-23,CUST601,Male,25,Electronics,1,100,100
602,2024-08-24,CUST602,Female,30,Clothing,2,200,400
603,2024-08-25,CUST603,Male,45,Beauty,3,300,900
604,2024-08-26,CUST604,Female,35,Home,4,400,1600
605,2024-08-27,CUST605,Male,50,Books,5,500,2500
606,2024-08-28,CUST606,Female,25,Electronics,1,100,100
607,2024-08-29,CUST607,Male,30,Clothing,2,200,400
608,2024-08-30,CUST608,Female,45,Beauty,3,300,900
609,2024-08-31,CUST609,Male,35,Home,4,400,1600
610,2024-09-01,CUST610,Female,50,Books,5,500,2500
611,2024-09-02,CUST611,Male,25,Electronics,1,100,100
612,2024-09-03,CUST612,Female,30,Clothing,2,200,400
613,2024-09-04,CUST613,Male,45,Beauty,3,300,900
614,2024-09-05,CUST614,Female,35,Home,4,400,1600
615,2024-09-06,CUST615,Male,50,Books,5,500,2500
616,2024-09-07,CUST616,Female,25,Electronics,1,100,100
617,2024-09-08,CUST617,Male,30,Clothing,2,200,400
618,2024-09-09,CUST618,Female,45,Beauty,3,300,900
619,2024-09-10,CUST619,Male,35,Home,4,400,1600
620,2024-09-11,CUST620,Female,50,Books,5,500,2500
621,2024-09-12,CUST621,Male,25,Electronics,1,100,100
622,2024-09-13,CUST622,Female,30,Clothing,2,200,400
623,2024-09-14,CUST623,Male,45,Beauty,3,300,900
624,2024-09-15,CUST624,Female,35,Home,4,400,1600
625,2024-09-16,CUST625,Male,50,Books,5,500,2500
626,2024-09-17,CUST626,Female,25,Electronics,1,100,100
627,2024-09-18,CUST627,Male,30,Clothing,2,200,400
628,2024-09-19,CUST628,Female,45,Beauty,3,300,900
629,2024-09-20,CUST629,Male,35,Home,4,400,1600
630,2024-09-21,CUST630,Female,50,Books,5,500,2500
631,2024-09-22,CUST631,Male,25,Electronics,1,100,100
632,2024-09-23,CUST632,Female,30,Clothing,2,200,400
633,2024-09-24,CUST633,Male,45,Beauty,3,300,900
634,2024-09-25,CUST634,Female,35,Home,4,400,1600
635,2024-09-26,CUST635,Male,50,Books,5,500,2500
636,2024-09-27,CUST636,Female,25,Electronics,1,100,100
637,2024-09-28,CUST637,Male,30,Clothing,2,200,400
638,2024-09-29,CUST638,Female,45,Beauty,3,300,900
639,2024-09-30,CUST639,Male,35,Home,4,400,1600
640,2024-10-01,CUST640,Female,50,Books,5,500,2500
641,2024-10-02,CUST641,Male,25,Electronics,1,100,100
642,2024-10-03,CUST642,Female,30,Clothing,2,200,400
643,2024-10-04,CUST643,Male,45,Beauty,3,300,900
644,2024-10-05,CUST644,Female,35,Home,4,400,1600
645,2024-10-06,CUST645,Male,50,Books,5,500,2500
646,2024-10-07,CUST646,Female,25,Electronics,1,100,100
647,2024-10-08,CUST647,Male,30,Clothing,2,200,400
648,2024-10-09,CUST648,Female,45,Beauty,3,300,900
649,2024-10-10,CUST649,Male,35,Home,4,400,1600
650,2024-10-11,CUST650,Female,50,Books,5,500,2500
651,2024-10-12,CUST651,Male,25,Electronics,1,100,100
652,2024-10-13,CUST652,Female,30,Clothing,2,200,400
653,2024-10-14,CUST653,Male,45,Beauty,3,300,900
654,2024-10-15,CUST654,Female,35,Home,4,400,1600
655,2024-10-16,CUST655,Male,50,Books,5,500,2500
656,2024-10-17,CUST656,Female,25,Electronics,1,100,100
657,2024-10-18,CUST657,Male,30,Clothing,2,200,400
658,2024-10-19,CUST658,Female,45,Beauty,3,300,900
659,2024-10-20,CUST659,Male,35,Home,4,400,1600
660,2024-10-21,CUST660,Female,50,Books,5,500,2500
661,2024-10-22,CUST661,Male,25,Electronics,1,100,100
662,2024-10-23,CUST662,Female,30,Clothing,2,200,400
663,2024-10-24,CUST663,Male,45,Beauty,3,300,900
664,2024-10-25,CUST664,Female,35,Home,4,400,1600
665,2024-10-26,CUST665,Male,50,Books,5,500,2500
666,2024-10-27,CUST666,Female,25,Electronics,1,100,100
667,2024-10-28,CUST667,Male,30,Clothing,2,200,400
668,2024-10-29,CUST668,Female,45,Beauty,3,300,900
669,2024-10-30,CUST669,Male,35,Home,4,400,1600
670,2024-10-31,CUST670,Female,50,Books,5,500,2500
671,2024-11-01,CUST671,Male,25,Electronics,1,100,100
672,2024-11-02,CUST672,Female,30,Clothing,2,200,400
673,2024-11-03,CUST673,Male,45,Beauty,3,300,900
674,2024-11-04,CUST674,Female,35,Home,4,400,1600
675,2024-11-05,CUST675,Male,50,Books,5,500,2500
676,2024-11-06,CUST676,Female,25,Electronics,1,100,100
677,2024-11-07,CUST677,Male,30,Clothing,2,200,400
678,2024-11-08,CUST678,Female,45,Beauty,3,300,900
679,2024-11-09,CUST679,Male,35,Home,4,400,1600
680,2024-11-10,CUST680,Female,50,Books,5,500,2500
681,2024-11-11,CUST681,Male,25,Electronics,1,100,100
682,2024-11-12,CUST682,Female,30,Clothing,2,200,400
683,2024-11-13,CUST683,Male,45,Beauty,3,300,900
684,2024-11-14,CUST684,Female,35,Home,4,400,1600
685,2024-11-15,CUST685,Male,50,Books,5,500,2500
686,2024-11-16,CUST686,Female,25,Electronics,1,100,100
687,2024-11-17,CUST687,Male,30,Clothing,2,200,400
688,2024-11-18,CUST688,Female,45,Beauty,3,300,900
689,2024-11-19,CUST689,Male,35,Home,4,400,1600
690,2024-11-20,CUST690,Female,50,Books,5,500,2500
691,2024-11-21,CUST691,Male,25,Electronics,1,100,100
692,2024-11-22,CUST692,Female,30,Clothing,2,200,400
693,2024-11-23,CUST693,Male,45,Beauty,3,300,900
694,2024-11-24,CUST694,Female,35,Home,4,400,1600
695,2024-11-25,CUST695,Male,50,Books,5,500,2500
696,2024-11-26,CUST696,Female,25,Electronics,1,100,100
697,2024-11-27,CUST697,Male,30,Clothing,2,200,400
698,2024-11-28,CUST698,Female,45,Beauty,3,300,900
699,2024-11-29,CUST699,Male,35,Home,4,400,1600
700,2024-11-30,CUST700,Female,50,Books,5,500,2500
701,2024-12-01,CUST701,Male,25,Electronics,1,100,100
702,2024-12-02,CUST702,Female,30,Clothing,2,200,400
703,2024-12-03,CUST703,Male,45,Beauty,3,300,900
704,2024-12-04,CUST704,Female,35,Home,4,400,1600
705,2024-12-05,CUST705,Male,50,Books,5,500,2500
706,2024-12-06,CUST706,Female,25,Electronics,1,100,100
707,2024-12-07,CUST707,Male,30,Clothing,2,200,400
708,2024-12-08,CUST708,Female,45,Beauty,3,300,900
709,2024-12-09,CUST709,Male,35,Home,4,400,1600
710,2024-12-10,CUST710,Female,50,Books,5,500,2500
711,2024-12-11,CUST711,Male,25,Electronics,1,100,100
712,2024-12-12,CUST712,Female,30,Clothing,2,200,400
713,2024-12-13,CUST713,Male,45,Beauty,3,300,900
714,2024-12-14,CUST714,Female,35,Home,4,400,1600
715,2024-12-15,CUST715,Male,50,Books,5,500,2500
716,2024-12-16,CUST716,Female,25,Electronics,1,100,100
717,2024-12-17,CUST717,Male,30,Clothing,2,200,400
718,2024-12-18,CUST718,Female,45,Beauty,3,300,900
719,2024-12-19,CUST719,Male,35,Home,4,400,1600
720,2024-12-20,CUST720,Female,50,Books,5,500,2500
721,2024-12-21,CUST721,Male,25,Electronics,1,100,100
722,2024-12-22,CUST722,Female,30,Clothing,2,200,400
723,2024-12-23,CUST723,Male,45,Beauty,3,300,900
724,2024-12-24,CUST724,Female,35,Home,4,400,1600
725,2024-12-25,CUST725,Male,50,Books,5,500,2500
726,2024-12-26,CUST726,Female,25,Electronics,1,100,100
727,2024-12-27,CUST727,Male,30,Clothing,2,200,400
728,2024-12-28,CUST728,Female,45,Beauty,3,300,900
729,2024-12-29,CUST729,Male,35,Home,4,400,1600
730,2024-12-30,CUST730,Female,50,Books,5,500,2500
731,2024-12-31,CUST731,Male,25,Electronics,1,100,100
732,2025-01-01,CUST732,Female,30,Clothing,2,200,400
733,2025-01-02,CUST733,Male,45,Beauty,3,300,900
734,2025-01-03,CUST734,Female,35,Home,4,400,1600
735,2025-01-04,CUST735,Male,50,Books,5,500,2500
736,2025-01-05,CUST736,Female,25,Electronics,1,100,100
737,2025-01-06,CUST737,Male,30,Clothing,2,200,400
738,2025-01-07,CUST738,Female,45,Beauty,3,300,900
739,2025-01-08,CUST739,Male,35,Home,4,400,1600
740,2025-01-09,CUST740,Female,50,Books,5,500,2500
741,2025-01-10,CUST741,Male,25,Electronics,1,100,100
742,2025-01-11,CUST742,Female,30,Clothing,2,200,400
743,2025-01-12,CUST743,Male,45,Beauty,3,300,900
744,2025-01-13,CUST744,Female,35,Home,4,400,1600
745,2025-01-14,CUST745,Male,50,Books,5,500,2500
746,2025-01-15,CUST746,Female,25,Electronics,1,100,100
747,2025-01-16,CUST747,Male,30,Clothing,2,200,400
748,2025-01-17,CUST748,Female,45,Beauty,3,300,900
749,2025-01-18,CUST749,Male,35,Home,4,400,1600
750,2025-01-19,CUST750,Female,50,Books,5,500,2500
751,2025-01-20,CUST751,Male,25,Electronics,1,100,100
752,2025-01-21,CUST752,Female,30,Clothing,2,200,400
753,2025-01-22,CUST753,Male,45,Beauty,3,300,900
754,2025-01-23,CUST754,Female,35,Home,4,400,1600
755,2025-01-24,CUST755,Male,50,Books,5,500,2500
756,2025-01-25,CUST756,Female,25,Electronics,1,100,100
757,2025-01-26,CUST757,Male,30,Clothing,2,200,400
758,2025-01-27,CUST758,Female,45,Beauty,3,300,900
759,2025-01-28,CUST759,Male,35,Home,4,400,1600
760,2025-01-29,CUST760,Female,50,Books,5,500,2500
761,2025-01-30,CUST761,Male,25,Electronics,1,100,100
762,2025-01-31,CUST762,Female,30,Clothing,2,200,400
763,2025-02-01,CUST763,Male,45,Beauty,3,300,900
764,2025-02-02,CUST764,Female,35,Home,4,400,1600
765,2025-02-03,CUST765,Male,50,Books,5,500,2500
766,2025-02-04,CUST766,Female,25,Electronics,1,100,100
767,2025-02-05,CUST767,Male,30,Clothing,2,200,400
768,2025-02-06,CUST768,Female,45,Beauty,3,300,900
769,2025-02-07,CUST769,Male,35,Home,4,400,1600
770,2025-02-08,CUST770,Female,50,Books,5,500,2500
771,2025-02-09,CUST771,Male,25,Electronics,1,100,100
772,2025-02-10,CUST772,Female,30,Clothing,2,200,400
773,2025-02-11,CUST773,Male,45,Beauty,3,300,900
774,2025-02-12,CUST774,Female,35,Home,4,400,1600
775,2025-02-13,CUST775,Male,50,Books,5,500,2500
776,2025-02-14,CUST776,Female,25,Electronics,1,100,100
777,2025-02-15,CUST777,Male,30,Clothing,2,200,400
778,2025-02-16,CUST778,Female,45,Beauty,3,300,900
779,2025-02-17,CUST779,Male,35,Home,4,400,1600
780,2025-02-18,CUST780,Female,50,Books,5,500,2500
781,2025-02-19,CUST781,Male,25,Electronics,1,100,100
782,2025-02-20,CUST782,Female,30,Clothing,2,200,400
783,2025-02-21,CUST783,Male,45,Beauty,3,300,900
784,2025-02-22,CUST784,Female,35,Home,4,400,1600
785,2025-02-23,CUST785,Male,50,Books,5,500,2500
786,2025-02-24,CUST786,Female,25,Electronics,1,100,100
787,2025-02-25,CUST787,Male,30,Clothing,2,200,400
788,2025-02-26,CUST788,Female,45,Beauty,3,300,900
789,2025-02-27,CUST789,Male,35,Home,4,400,1600
790,2025-02-28,CUST790,Female,50,Books,5,500,2500
791,2025-03-01,CUST791,Male,25,Electronics,1,100,100
792,2025-03-02,CUST792,Female,30,Clothing,2,200,400
793,2025-03-03,CUST793,Male,45,Beauty,3,300,900
794,2025-03-04,CUST794,Female,35,Home,4,400,1600
795,2025-03-05,CUST795,Male,50,Books,5,500,2500
796,2025-03-06,CUST796,Female,25,Electronics,1,100,100
797,2025-03-07,CUST797,Male,30,Clothing,2,200,400
798,2025-03-08,CUST798,Female,45,Beauty,3,300,900
799,2025-03-09,CUST799,Male,35,Home,4,400,1600
800,2025-03-10,CUST800,Female,50,Books,5,500,2500
801,2025-03-11,CUST801,Male,25,Electronics,1,100,100
802,2025-03-12,CUST802,Female,30,Clothing,2,200,400
803,2025-03-13,CUST803,Male,45,Beauty,3,300,900
804,2025-03-14,CUST804,Female,35,Home,4,400,1600
805,2025-03-15,CUST805,Male,50,Books,5,500,2500
806,2025-03-16,CUST806,Female,25,Electronics,1,100,100
807,2025-03-17,CUST807,Male,30,Clothing,2,200,400
808,2025-03-18,CUST808,Female,45,Beauty,3,300,900
809,2025-03-19,CUST809,Male,35,Home,4,400,1600
810,2025-03-20,CUST810,Female,50,Books,5,500,2500
811,2025-03-21,CUST811,Male,25,Electronics,1,100,100
812,2025-03-22,CUST812,Female,30,Clothing,2,200,400
813,2025-03-23,CUST813,Male,45,Beauty,3,300,900
814,2025-03-24,CUST814,Female,35,Home,4,400,1600
815,2025-03-25,CUST815,Male,50,Books,5,500,2500
816,2025-03-26,CUST816,Female,25,Electronics,1,100,100
817,2025-03-27,CUST817,Male,30,Clothing,2,200,400
818,2025-03-28,CUST818,Female,45,Beauty,3,300,900
819,2025-03-29,CUST819,Male,35,Home,4,400,1600
820,2025-03-30,CUST820,Female,50,Books,5,500,2500
821,2025-03-31,CUST821,Male,25,Electronics,1,100,100
822,2025-04-01,CUST822,Female,30,Clothing,2,200,400
823,2025-04-02,CUST823,Male,45,Beauty,3,300,900
824,2025-04-03,CUST824,Female,35,Home,4,400,1600
825,2025-04-04,CUST825,Male,50,Books,5,500,2500
826,2025-04-05,CUST826,Female,25,Electronics,1,100,100
827,2025-04-06,CUST827,Male,30,Clothing,2,200,400
828,2025-04-07,CUST828,Female,45,Beauty,3,300,900
829,2025-04-08,CUST829,Male,35,Home,4,400,1600
830,2025-04-09,CUST830,Female,50,Books,5,500,2500
831,2025-04-10,CUST831,Male,25,Electronics,1,100,100
832,2025-04-11,CUST832,Female,30,Clothing,2,200,400
833,2025-04-12,CUST833,Male,45,Beauty,3,300,900
834,2025-04-13,CUST834,Female,35,Home,4,400,1600
835,2025-04-14,CUST835,Male,50,Books,5,500,2500
836,2025-04-15,CUST836,Female,25,Electronics,1,100,100
837,2025-04-16,CUST837,Male,30,Clothing,2,200,400
838,2025-04-17,CUST838,Female,45,Beauty,3,300,900
839,2025-04-18,CUST839,Male,35,Home,4,400,1600
840,2025-04-19,CUST840,Female,50,Books,5,500,2500
841,2025-04-20,CUST841,Male,25,Electronics,1,100,100
842,2025-04-21,CUST842,Female,30,Clothing,2,200,400
843,2025-04-22,CUST843,Male,45,Beauty,3,300,900
844,2025-04-23,CUST844,Female,35,Home,4,400,1600
845,2025-04-24,CUST845,Male,50,Books,5,500,2500
846,2025-04-25,CUST846,Female,25,Electronics,1,100,100
847,2025-04-26,CUST847,Male,30,Clothing,2,200,400
848,2025-04-27,CUST848,Female,45,Beauty,3,300,900
849,2025-04-28,CUST849,Male,35,Home,4,400,1600
850,2025-04-29,CUST850,Female,50,Books,5,500,2500
851,2025-04-30,CUST851,Male,25,Electronics,1,100,100
852,2025-05-01,CUST852,Female,30,Clothing,2,200,400
853,2025-05-02,CUST853,Male,45,Beauty,3,300,900
854,2025-05-03,CUST854,Female,35,Home,4,400,1600
855,2025-05-04,CUST855,Male,50,Books,5,500,2500
856,2025-05-05,CUST856,Female,25,Electronics,1,100,100
857,2025-05-06,CUST857,Male,30,Clothing,2,200,400
858,2025-05-07,CUST858,Female,45,Beauty,3,300,900
859,2025-05-08,CUST859,Male,35,Home,4,400,1600
860,2025-05-09,CUST860,Female,50,Books,5,500,2500
861,2025-05-10,CUST861,Male,25,Electronics,1,100,100
862,2025-05-11,CUST862,Female,30,Clothing,2,200,400
863,2025-05-12,CUST863,Male,45,Beauty,3,300,900
864,2025-05-13,CUST864,Female,35,Home,4,400,1600
865,2025-05-14,CUST865,Male,50,Books,5,500,2500
866,2025-05-15,CUST866,Female,25,Electronics,1,100,100
867,2025-05-16,CUST867,Male,30,Clothing,2,200,400
868,2025-05-17,CUST868,Female,45,Beauty,3,300,900
869,2025-05-18,CUST869,Male,35,Home,4,400,1600
870,2025-05-19,CUST870,Female,50,Books,5,500,2500
871,2025-05-20,CUST871,Male,25,Electronics,1,100,100
872,2025-05-21,CUST872,Female,30,Clothing,2,200,400
873,2025-05-22,CUST873,Male,45,Beauty,3,300,900
874,2025-05-23,CUST874,Female,35,Home,4,400,1600
875,2025-05-24,CUST875,Male,50,Books,5,500,2500
876,2025-05-25,CUST876,Female,25,Electronics,1,100,100
877,2025-05-26,CUST877,Male,30,Clothing,2,200,400
878,2025-05-27,CUST878,Female,45,Beauty,3,300,900
879,2025-05-28,CUST879,Male,35,Home,4,400,1600
880,2025-05-29,CUST880,Female,50,Books,5,500,2500
881,2025-05-30,CUST881,Male,25,Electronics,1,100,100
882,2025-05-31,CUST882,Female,30,Clothing,2,200,400
883,2025-06-01,CUST883,Male,45,Beauty,3,300,900
884,2025-06-02,CUST884,Female,35,Home,4,400,1600
885,2025-06-03,CUST885,Male,50,Books,5,500,2500
886,2025-06-04,CUST886,Female,25,Electronics,1,100,100
887,2025-06-05,CUST887,Male,30,Clothing,2,200,400
888,2025-06-06,CUST888,Female,45,Beauty,3,300,900
889,2025-06-07,CUST889,Male,35,Home,4,400,1600
890,2025-06-08,CUST890,Female,50,Books,5,500,2500
891,2025-06-09,CUST891,Male,25,Electronics,1,100,100
892,2025-06-10,CUST892,Female,30,Clothing,2,200,400
893,2025-06-11,CUST893,Male,45,Beauty,3,300,900
894,2025-06-12,CUST894,Female,35,Home,4,400,1600
895,2025-06-13,CUST895,Male,50,Books,5,500,2500
896,2025-06-14,CUST896,Female,25,Electronics,1,100,100
897,2025-06-15,CUST897,Male,30,Clothing,2,200,400
898,2025-06-16,CUST898,Female,45,Beauty,3,300,900
899,2025-06-17,CUST899,Male,35,Home,4,400,1600
900,2025-06-18,CUST900,Female,50,Books,5,500,2500
901,2025-06-19,CUST901,Male,25,Electronics,1,100,100
902,2025-06-20,CUST902,Female,30,Clothing,2,200,400
903,2025-06-21,CUST903,Male,45,Beauty,3,300,900
904,2025-06-22,CUST904,Female,35,Home,4,400,1600
905,2025-06-23,CUST905,Male,50,Books,5,500,2500
906,2025-06-24,CUST906,Female,25,Electronics,1,100,100
907,2025-06-25,CUST907,Male,30,Clothing,2,200,400
908,2025-06-26,CUST908,Female,45,Beauty,3,300,900
909,2025-06-27,CUST909,Male,35,Home,4,400,1600
910,2025-06-28,CUST910,Female,50,Books,5,500,2500
911,2025-06-29,CUST911,Male,25,Electronics,1,100,100
912,2025-06-30,CUST912,Female,30,Clothing,2,200,400
913,2025-07-01,CUST913,Male,45,Beauty,3,300,900
914,2025-07-02,CUST914,Female,35,Home,4,400,1600
915,2025-07-03,CUST915,Male,50,Books,5,500,2500
916,2025-07-04,CUST916,Female,25,Electronics,1,100,100
917,2025-07-05,CUST917,Male,30,Clothing,2,200,400
918,2025-07-06,CUST918,Female,45,Beauty,3,300,900
919,2025-07-07,CUST919,Male,35,Home,4,400,1600
920,2025-07-08,CUST920,Female,50,Books,5,500,2500
921,2025-07-09,CUST921,Male,25,Electronics,1,100,100
922,2025-07-10,CUST922,Female,30,Clothing,2,200,400
923,2025-07-11,CUST923,Male,45,Beauty,3,300,900
924,2025-07-12,CUST924,Female,35,Home,4,400,1600
925,2025-07-13,CUST925,Male,50,Books,5,500,2500
926,2025-07-14,CUST926,Female,25,Electronics,1,100,100
927,2025-07-15,CUST927,Male,30,Clothing,2,200,400
928,2025-07-16,CUST928,Female,45,Beauty,3,300,900
929,2025-07-17,CUST929,Male,35,Home,4,400,1600
930,2025-07-18,CUST930,Female,50,Books,5,500,2500
931,2025-07-19,CUST931,Male,25,Electronics,1,100,100
932,2025-07-20,CUST932,Female,30,Clothing,2,200,400
933,2025-07-21,CUST933,Male,45,Beauty,3,300,900
934,2025-07-22,CUST934,Female,35,Home,4,400,1600
935,2025-07-23,CUST935,Male,50,Books,5,500,2500
936,2025-07-24,CUST936,Female,25,Electronics,1,100,100
937,2025-07-25,CUST937,Male,30,Clothing,2,200,400
938,2025-07-26,CUST938,Female,45,Beauty,3,300,900
939,2025-07-27,CUST939,Male,35,Home,4,400,1600
940,2025-07-28,CUST940,Female,50,Books,5,500,2500
941,2025-07-29,CUST941,Male,25,Electronics,1,100,100
942,2025-07-30,CUST942,Female,30,Clothing,2,200,400
943,2025-07-31,CUST943,Male,45,Beauty,3,300,900
944,2025-08-01,CUST944,Female,35,Home,4,400,1600
945,2025-08-02,CUST945,Male,50,Books,5,500,2500
946,2025-08-03,CUST946,Female,25,Electronics,1,100,100
947,2025-08-04,CUST947,Male,30,Clothing,2,200,400
948,2025-08-05,CUST948,Female,45,Beauty,3,300,900
949,2025-08-06,CUST949,Male,35,Home,4,400,1600
950,2025-08-07,CUST950,Female,50,Books,5,500,2500
951,2025-08-08,CUST951,Male,25,Electronics,1,100,100
952,2025-08-09,CUST952,Female,30,Clothing,2,200,400
953,2025-08-10,CUST953,Male,45,Beauty,3,300,900
954,2025-08-11,CUST954,Female,35,Home,4,400,1600
955,2025-08-12,CUST955,Male,50,Books,5,500,2500
956,2025-08-13,CUST956,Female,25,Electronics,1,100,100
957,2025-08-14,CUST957,Male,30,Clothing,2,200,400
958,2025-08-15,CUST958,Female,45,Beauty,3,300,900
959,2025-08-16,CUST959,Male,35,Home,4,400,1600
960,2025-08-17,CUST960,Female,50,Books,5,500,2500
961,2025-08-18,CUST961,Male,25,Electronics,1,100,100
962,2025-08-19,CUST962,Female,30,Clothing,2,200,400
963,2025-08-20,CUST963,Male,45,Beauty,3,300,900
964,2025-08-21,CUST964,Female,35,Home,4,400,1600
965,2025-08-22,CUST965,Male,50,Books,5,500,2500
966,2025-08-23,CUST966,Female,25,Electronics,1,100,100
967,2025-08-24,CUST967,Male,30,Clothing,2,200,400
968,2025-08-25,CUST968,Female,45,Beauty,3,300,900
969,2025-08-26,CUST969,Male,35,Home,4,400,1600
970,2025-08-27,CUST970,Female,50,Books,5,500,2500
971,2025-08-28,CUST971,Male,25,Electronics,1,100,100
972,2025-08-29,CUST972,Female,30,Clothing,2,200,400
973,2025-08-30,CUST973,Male,45,Beauty,3,300,900
974,2025-08-31,CUST974,Female,35,Home,4,400,1600
975,2025-09-01,CUST975,Male,50,Books,5,500,2500
976,2025-09-02,CUST976,Female,25,Electronics,1,100,100
977,2025-09-03,CUST977,Male,30,Clothing,2,200,400
978,2025-09-04,CUST978,Female,45,Beauty,3,300,900
979,2025-09-05,CUST979,Male,35,Home,4,400,1600
980,2025-09-06,CUST980,Female,50,Books,5,500,2500
981,2025-09-07,CUST981,Male,25,Electronics,1,100,100
982,2025-09-08,CUST982,Female,30,Clothing,2,200,400
983,2025-09-09,CUST983,Male,45,Beauty,3,300,900
984,2025-09-10,CUST984,Female,35,Home,4,400,1600
985,2025-09-11,CUST985,Male,50,Books,5,500,2500
986,2025-09-12,CUST986,Female,25,Electronics,1,100,100
987,2025-09-13,CUST987,Male,30,Clothing,2,200,400
988,2025-09-14,CUST988,Female,45,Beauty,3,300,900
989,2025-09-15,CUST989,Male,35,Home,4,400,1600
990,2025-09-16,CUST990,Female,50,Books,5,500,2500
991,2025-09-17,CUST991,Male,25,Electronics,1,100,100
992,2025-09-18,CUST992,Female,30,Clothing,2,200,400
993,2025-09-19,CUST993,Male,45,Beauty,3,300,900
994,2025-09-20,CUST994,Female,35,Home,4,400,1600
995,2025-09-21,CUST995,Male,50,Books,5,500,2500
996,2025-09-22,CUST996,Female,25,Electronics,1,100,100
997,2025-09-23,CUST997,Male,30,Clothing,2,200,400
998,2025-09-24,CUST998,Female,45,Beauty,3,300,900
999,2025-09-25,CUST999,Male,35,Home,4,400,1600
1000,2025-09-26,CUST1000,Female,50,Books,5,500,2500
